Code;Name(s);Colour;Status
e100;Curcumin (from turmeric);Yellow-orange;Approved in the EU.[9] Approved in the US.[10]
e101;Riboflavin (Vitamin B2), formerly called lactoflavin;Yellow-orange;Approved in the EU.[9] Approved in the US.[10]
e101a;Riboflavin-5'-Phosphate;Yellow-orange;Approved in the EU.[9]
e102;Tartrazine (FD&C Yellow 5);Yellow;Approved in the EU.[9] Approved in the US.[10]
e103;Alkannin[11];Red-brown;
e104;Quinoline Yellow WS;Dull or greenish yellow;Restricted use approved in the EU.[9][12]
e105;Fast Yellow AB;Yellow;
e106;Riboflavin-5-Sodium Phosphate;Yellow;
e107;Yellow 2G;Yellow;
e110;Sunset Yellow FCF (Orange Yellow S, FD&C Yellow 6);Yellow-orange;Restricted use approved in the EU.[9][12] Banned in Norway.[13] Products in the EU require warnings and its use is being phased out.[12] Approved in the US.[10]
e111;Orange GGN;Orange;
e120;Cochineal, Carminic acid, Carmine (Natural Red 4);Crimson;Approved in the EU.[9] Approved in the US.[10]
e121;Citrus Red 2;Dark red;Approved in the United States only for use in colouring the skin of oranges.[14]
e122;Carmoisine (azorubine);Red to maroon;Approved in the EU.[9] Undergoing a voluntary phase-out in the UK. Currently banned in Canada, Japan, Norway, USA .[citation needed] EU currently evaluating health risks.[citation needed]
e123;Amaranth (FD&C Red 2);Red;Approved in the EU.[9] Banned in the United States.[15]
e124;Ponceau 4R (Cochineal Red A, Brilliant Scarlet 4R);Red;Restricted use approved in the EU.[9][12]
e125;Ponceau SX, Scarlet GN;Red;Only permitted for externally applied drugs and cosmetics in the US.[16][17][18]
e126;Ponceau 6R;Red;
e127;Erythrosine (FD&C Red 3);Red;Approved in the EU.[9] Approved in the US except for lake variant.[10]
e128;Red 2G;Red or pink;Not approved in the EU.[12]
e129;Allura Red AC (FD&C Red 40);Red;Approved in the EU.[9] Banned in Switzerland.[citation needed] Undergoing a voluntary phase out in the UK. Approved in the US.[10]
e130;Indanthrene blue RS;Blue;
e131;Patent Blue V;Dark blue;Approved in the EU.[9]
e132;Indigo carmine (indigotine, FD&C Blue 2);Indigo;Approved in the EU.[9] Approved in the US.[10]
e133;Brilliant blue FCF (FD&C Blue 1);Reddish blue;Approved in the EU.[9] Approved in the US.[10]
e140i;Chlorophylls;Green;Approved in the EU.[9]
e140ii;Chlorophyllins;Green;Approved in the EU.[9]
e141;Copper complexes of chlorophylls and chlorophyllins (i) Copper complexes of chlorophylls (ii) Copper complexes of chlorophyllins;Green;Approved in the EU.[9] Approved in the US.[10]
e142;Green S;Green;Approved in the EU.[9]
e143;Fast Green FCF (FD&C Green 3);Green;Approved in the US. Banned in the EU.
e150a;Plain caramel;Brown;Approved in the EU.[9] Approved in the US.[10]
e150b;Caustic sulfite caramel;Brown;Approved in the EU.[9] Approved in the US.[10]
e150c;Ammonia caramel;Brown;Approved in the EU.[9] Approved in the US.[10]
e150d;Sulfite ammonia caramel;Brown;Approved in the EU.[9] Approved in the US.[10]
e151;Black PN, Brilliant Black BN;Black;Approved in the EU.[9]
e152;Carbon black (hydrocarbon);Black;
e153;Vegetable carbon;Black;Approved in the EU.[9]
e154;Brown FK (kipper brown);Brown;Previously approved in the EU for dyeing kippers only: approval withdrawn November 2011.[12]
e155;Brown HT (chocolate brown HT);Brown;Approved in the EU.[9]
e160a;Alpha-carotene, Beta-carotene, Gamma-carotene;Yellow-orange to brown;Approved in the EU.[9]
e160b;Annatto, bixin, norbixin;Orange;Approved in the EU.[9] Approved in the US.[10]
e160ci;Paprika oleoresin: (i) capsanthin;Red;Approved in the EU.[9] Approved in the US.[10]
e160cii;Paprika oleoresin:(ii) capsorubin;Red;Approved in the EU.[9] Approved in the US.[10]
e160d;Lycopene;Bright to deep red;Restricted use approved in the EU.[9][12] Approved in the US.[10]
e160e;Beta-apo-8'-carotenal (C 30);Orange-red to yellow;Approved in the EU.[9] Approved in the US.[10]
e160f;Ethyl ester of beta-apo-8'-carotenic acid (C 30);Orange-red to yellow;Not approved in the EU.[12]
e161a;Flavoxanthin;Golden-yellow and brownish;
e161b;Lutein;Orange-red to yellow;Approved in the EU.[9]
e161c;Cryptoxanthin;Orange-red;
e161d;Rubixanthin;Orange-red;
e161e;Violaxanthin;Orange;
e161f;Rhodoxanthin;Purple;
e161g;Canthaxanthin;Violet;Not approved in the EU.[12] Approved in the US.[10]
e161h;Zeaxanthin;Orange-red;
e161i;Citranaxanthin;Deep violet;
e161j;Astaxanthin;Red;
e162;Beetroot Red, Betanin;Red;Approved in the EU.[9] Approved in the US.[10]
e163;Anthocyanins;pH dependent(Red, green and purple ranges);Approved in the EU.[9]
e164;Saffron;Orange-red[colour?];Approved in the US.[10]
e170;Calcium carbonate, Chalk;White;Approved in the EU.[9]
e171;Titanium dioxide;White;Approved in the EU,[9] but approval will be revoked from June 2022,[19] following identification of potential carcinogenic effects.[20] Approved in the US.[10]
e172;Iron oxides and iron hydroxides;Brown;Approved in the EU.[9] Approved in the US for sausage casings.[10]
e173;Aluminium;Silver to grey;Approved in the EU.[9]
e174;Silver;Silver;Approved in the EU.[9]
e175;Gold;Gold;Approved in the EU.[9]
e180;Pigment Rubine, Lithol Rubine BK;Red;Approved in the EU.[9]
e181;Tannin;Brown;
e182;Orcein, Orchil;Purple;
e200;Sorbic acid;preservative;Approved in the EU.[9]
e201;Sodium sorbate;preservative;
e202;Potassium sorbate;preservative;Approved in the EU.[9]
e203;Calcium sorbate;preservative;Approved in the EU.[9]
e209;Heptyl p-hydroxybenzoate;preservative;
e210;Benzoic acid;preservative;Approved in the EU.[9]
e211;Sodium benzoate;preservative;Approved in the EU.[9]
e212;Potassium benzoate;preservative;Approved in the EU.[9]
e213;Calcium benzoate;preservative;Approved in the EU.[9]
e214;Ethylparaben (ethyl para-hydroxybenzoate);preservative;Approved in the EU.[9]
e215;Sodium ethyl para-hydroxybenzoate;preservative;Approved in the EU.[9]
e216;Propylparaben (propyl para-hydroxybenzoate);preservative;
e217;Sodium propyl para-hydroxybenzoate;preservative;
e218;Methylparaben (methyl para-hydroxybenzoate);preservative;Approved in the EU.[9]
e219;Sodium methyl para-hydroxybenzoate;preservative;Approved in the EU.[9]
e220;Sulfur dioxide;preservative;Approved in the EU.[9]
e221;Sodium sulfite;preservative;Approved in the EU.[9]
e222;Sodium bisulfite (sodium hydrogen sulfite);preservative;Approved in the EU.[9]
e223;Sodium metabisulfite;preservative;Approved in the EU.[9]
e224;Potassium metabisulfite;preservative;Approved in the EU.[9]
e225;Potassium sulfite;preservative;
e226;Calcium sulfite;preservative;Approved in the EU.[9]
e227;Calcium hydrogen sulfite (preservative);firming agent;Approved in the EU.[9]
e228;Potassium hydrogen sulfite;preservative;Approved in the EU.[9]
e230;Biphenyl, diphenyl;preservative;Not approved in the EU.
e231;Orthophenyl phenol;preservative;Not approved in the EU.
e232;Sodium orthophenyl phenol;preservative;Not approved in the EU.
e233;Thiabendazole;preservative;Not approved in the EU.
e234;Nisin;preservative;Approved in the EU.[9]
e235;Natamycin, Pimaracin;preservative;Approved in the EU.[9]
e236;Formic acid;preservative;
e237;Sodium formate;preservative;
e238;Calcium formate;preservative;
e239;Hexamine (hexamethylene tetramine);preservative;Approved in the EU.[9]
e240;Formaldehyde;preservative;
e242;Dimethyl dicarbonate;preservative;Approved in the EU.[9]
e249;Potassium nitrite;preservative;Approved in the EU.[9]
e250;Sodium nitrite;preservative;Approved in the EU.[9]
e251;Sodium nitrate (Chile saltpetre);preservative;Approved in the EU.[9]
e252;Potassium nitrate (Saltpetre);preservative;Approved in the EU.[9]
e260;Acetic acid (preservative);acidity regulator;Approved in the EU.[21]
e261;Potassium acetate (preservative);acidity regulator;Approved in the EU.[21]
e262i;Sodium acetates (i) Sodium acetate;preservative, acidity regulator;Approved in the EU.[21]
e262ii;Sodium acetates (ii) Sodium diacetate (sodium hydrogen acetate);preservative, acidity regulator;Approved in the EU.[21]
e263;Calcium acetate (preservative);acidity regulator;Approved in the EU.[21]
e264;Ammonium acetate;preservative;Approved in Australia and New Zealand[22]
e265;Dehydroacetic acid;preservative;
e266;Sodium dehydroacetate;preservative;
e270;Lactic acid (preservative);antioxidant;Approved in the EU.[21]
e280;Propionic acid;preservative;Approved in the EU.[9]
e281;Sodium propionate;preservative;Approved in the EU.[9]
e282;Calcium propionate;preservative;Approved in the EU.[9]
e283;Potassium propionate;preservative;Approved in the EU.[9]
e284;Boric acid;preservative;Approved in the EU.[9]
e285;Sodium tetraborate (borax);preservative;Approved in the EU.[9]
e290;Carbon dioxide;acidity regulator;Approved in the EU.[21]
e296;Malic acid (acid);acidity regulator;Approved in the EU.[21]
e297;Fumaric acid;acidity regulator;Approved in the EU.[21]
e300;Ascorbic acid (Vitamin C);antioxidant;Approved in the EU.[23]
e301;Sodium ascorbate;antioxidant;Approved in the EU.[23]
e302;Calcium ascorbate;antioxidant;Approved in the EU.[23]
e303;Potassium ascorbate;antioxidant;
e304;Fatty acid esters of ascorbic acid (Ascorbyl palmitate);antioxidant;Approved in the EU.[23]
e305;Ascorbyl stearate;antioxidant;
e306;Tocopherols (Vitamin E, natural);antioxidant;Approved in the EU.[23]
e307a;Alpha-Tocopherol (synthetic);antioxidant;Approved in the EU.[23]
e308;Gamma-Tocopherol (synthetic);antioxidant;Approved in the EU.[23]
e309;Delta-Tocopherol (synthetic);antioxidant;Approved in the EU.[23]
e310;Propyl gallate;antioxidant;Approved in the EU.[23]
e311;Octyl gallate;antioxidant;Approved in the EU.[23]
e312;Dodecyl gallate;antioxidant;Approved in the EU.[23]
e313;Ethyl gallate;antioxidant;
e314;Guaiac resin;antioxidant;
e315;Erythorbic acid;antioxidant;Approved in the EU.[23]
e316;Sodium erythorbate;antioxidant;Approved in the EU.[23]
e317;Erythorbin acid[citation needed];antioxidant;
e318;Sodium erythorbin[citation needed];antioxidant;
e319;tert-Butylhydroquinone (TBHQ);antioxidant;Approved in the EU.[23]
e320;Butylated hydroxyanisole (BHA);antioxidant;Approved in the EU.[23]
e321;Butylated hydroxytoluene (BHT);antioxidant;Approved in the EU.[23]
e322;Lecithin;emulsifier;Approved in the EU.[24]
e323;Anoxomer;antioxidant;
e324;Ethoxyquin;antioxidant;
e325;Sodium lactate;acidity regulator;Approved in the EU.[21]
e326;Potassium lactate (antioxidant);acidity regulator;Approved in the EU.[21]
e327;Calcium lactate;acidity regulator;Approved in the EU.[21]
e328;Ammonium lactate;acidity regulator;
e329;Magnesium lactate;acidity regulator;
e330;Citric acid;acid, acidity regulator;Approved in the EU.[21]
e331i;Sodium citrates (i) Monosodium citrate;acidity regulator;Approved in the EU.[21]
e331ii;Sodium citrates (ii) Disodium citrate;acidity regulator;Approved in the EU.[21]
e331iii;Sodium citrates (iii) Sodium citrate (trisodium citrate);acidity regulator;Approved in the EU.[21]
e332i;Potassium citrates (i) Monopotassium citrate;acidity regulator;Approved in the EU.[21]
e332ii;Potassium citrates (ii) Potassium citrate (tripotassium citrate);acidity regulator;Approved in the EU.[21]
e333i;Calcium citrates (i) Monocalcium citrate;acidity regulator, firming agent, sequestrant;Approved in the EU.[21]
e333ii;Calcium citrates (ii) Dicalcium citrate;acidity regulator, firming agent, sequestrant;Approved in the EU.[21]
e333iii;Calcium citrates  (iii) Calcium citrate (tricalcium citrate);acidity regulator, firming agent, sequestrant;Approved in the EU.[21]
e334;Tartaric acid (L(+)-);(acid);Approved in the EU.[21]
e335i;Sodium tartrates (i) Monosodium tartrate;acidity regulator;Approved in the EU.[21]
e335ii;Sodium tartrates (ii), Disodium tartrate;acidity regulator;Approved in the EU.[21]
e336i;Potassium tartrates (i) Monopotassium tartrate (cream of tartar);acidity regulator;Approved in the EU.[21]
e336ii;Potassium tartrates (ii) Dipotassium tartrate;acidity regulator;Approved in the EU.[21]
e337;Sodium potassium tartrate;acidity regulator;Approved in the EU.[21]
e338;Phosphoric acid;acid;Approved in the EU.[21]
e339i;Sodium phosphates (i) Monosodium phosphate;antioxidant;Approved in the EU.[21]
e339ii;Sodium phosphates  (ii) Disodium phosphate ;antioxidant;Approved in the EU.[21]
e339iii;Sodium phosphates (iii) Trisodium phosphate;antioxidant;Approved in the EU.[21]
e340i;Potassium phosphates (i) Monopotassium phosphate;antioxidant;Approved in the EU.[21]
e340ii;Potassium phosphates (ii) Dipotassium phosphate;antioxidant;Approved in the EU.[21]
e340iii;Potassium phosphates (iii) Tripotassium phosphate;antioxidant;Approved in the EU.[21]
e341i;Calcium phosphates (i) Monocalcium phosphate;anti-caking agent, firming agent;Approved in the EU.[21]
e341ii;Calcium phosphates (ii) Dicalcium phosphate;anti-caking agent, firming agent;Approved in the EU.[21]
e341iii;Calcium phosphates (iii) Tricalcium phosphate;anti-caking agent, firming agent;Approved in the EU.[21]
e342i;Ammonium phosphates: (i) monoammonium phosphate;;
e342ii;Ammonium phosphates:  (ii) diammonium phosphate;;
e343i;Magnesium phosphates (i) monomagnesium phosphate;anti-caking agent;Approved in the EU.[21] This additive is under discussion and may be included in a future amendment to the Directive on miscellaneous additives.
e343ii;Magnesium phosphates (ii) Dimagnesium phosphate;anti-caking agent;Approved in the EU.[21] This additive is under discussion and may be included in a future amendment to the Directive on miscellaneous additives.
e344;Lecithin citrate;acidity regulator;
e345;Magnesium citrate;acidity regulator;
e349;Ammonium malate;acidity regulator;
e350i;Sodium malates (i) Sodium malate;acidity regulator;Approved in the EU.[21]
e350ii;Sodium malates (ii) Sodium hydrogen malate;acidity regulator;Approved in the EU.[21]
e351;Potassium malate;acidity regulator;Approved in the EU.[21]
e352i;Calcium malates (i) Calcium malate;acidity regulator;Approved in the EU.[21]
e352ii;Calcium malates (ii) Calcium hydrogen malate;acidity regulator;Approved in the EU.[21]
e353;Metatartaric acid;emulsifier;Approved in the EU.[21]
e354;Calcium tartrate;emulsifier;Approved in the EU.[21]
e355;Adipic acid;acidity regulator;Approved in the EU.[21]
e356;Sodium adipate;acidity regulator;Approved in the EU.[21]
e357;Potassium adipate;acidity regulator;Approved in the EU.[21]
e359;Ammonium adipate;acidity regulator;
e363;Succinic acid;acidity regulator;Approved in the EU.[21]
e365;Monosodium fumarate;acidity regulator;
e366;Potassium fumarate;acidity regulator;
e367;Calcium fumarate;acidity regulator;
e368;Ammonium fumarate;acidity regulator;
e370;1,4-Heptonolactone;acidity regulator;
e375;Niacin;acidity regulator;
e380;Triammonium citrate;acidity regulator;Approved in the EU.[21]
e381;Ammonium ferric citrate;acidity regulator;
e383;Calcium glycerylphosphate;acidity regulator;
e384;Isopropyl citrate;acidity regulator;
e385;Calcium disodium ethylene diamine tetraacetate, (Calcium disodium EDTA);sequestrant;Approved in the EU.[21]
e386;Disodium ethylene diamine tetraacetate (Disodium EDTA);sequestrant;
e387;Oxystearin;stabiliser;
e388;Thiodipropionic acid;;
e389;Dilauryl thiodipropionate;;
e390;Distearyl thiodipropionate;;
e391;Phytic acid;;
e392;Extracts of rosemary;;Approved in 2010[25]
e399;Calcium lactobionate;;
e400;Alginic acid (thickener) (stabiliser) (gelling agent);emulsifier;Approved in the EU.[24]
e401;Sodium alginate (thickener) (stabiliser) (gelling agent);emulsifier;Approved in the EU.[24]
e402;Potassium alginate (thickener) (stabiliser) (gelling agent);emulsifier;Approved in the EU.[24]
e403;Ammonium alginate (thickener) (stabiliser);emulsifier;Approved in the EU.[24]
e404;Calcium alginate (thickener) (stabiliser) (gelling agent);emulsifier;Approved in the EU.[24]
e405;Propane-1,2-diol alginate (Propylene glycol alginate) (thickener) (stabiliser);emulsifier;Approved in the EU.[24]
e406;Agar (thickener) (gelling agent);stabiliser;Approved in the EU.[24]
e407;Carrageenan (thickener) (stabiliser) (gelling agent);emulsifier;Approved in the EU.[24]
e407a;Processed eucheuma seaweed (thickener) (stabiliser) (gelling agent);emulsifier;Approved in the EU.[24]
e408;Bakers yeast glycan;;
e409;Arabinogalactan;;
e410;Locust bean gum (Carob gum) (thickener) (stabiliser) (gelling agent);emulsifier;Approved in the EU.[24]
e411;Oat gum (thickener);stabiliser;
e412;Guar gum (thickener);stabiliser;Approved in the EU.[24]
e413;Tragacanth (thickener) (stabiliser);emulsifier;Approved in the EU.[24]
e414;Acacia gum (gum arabic) (thickener) (stabiliser);emulsifier;Approved in the EU.[24]
e415;Xanthan gum (thickener);stabiliser;Approved in the EU.[24]
e416;Karaya gum (thickener) (stabiliser);emulsifier;Approved in the EU.[24]
e417;Tara gum (thickener);stabiliser;Approved in the EU.[24]
e418;Gellan gum (thickener) (stabiliser);emulsifier;Approved in the EU.[24]
e419;Gum ghatti (thickener) (stabiliser);emulsifier;
e420i;Sorbitol (i) Sorbitol;humectant;Approved in the EU.[26]
e420ii;Sorbitol (ii) Sorbitol syrup (emulsifier) (sweetener);humectant;Approved in the EU.[26]
e421;Mannitol (anti-caking agent);sweetener;Approved in the EU.[26]
e422;Glycerol (emulsifier);sweetener;Approved in the EU.[21]
e424;Curdlan;gelling agent;
e425i;Konjac (i) Konjac gum;emulsifier;Approved in the EU.[24] May not be used in confectionery owing to choking risk.[citation needed]
e425ii;Konjac (ii) Konjac glucomannane;emulsifier;Approved in the EU.[24] May not be used in confectionery owing to choking risk.[citation needed]
e426;Soybean hemicellulose;;Approved in the EU.[24]
e427;Cassia gum;;Approved in 2010[25]
e429;Peptones;;
e430;Polyoxyethene (8) stearate (emulsifier);stabiliser;
e431;Polyoxyethene (40) stearate;emulsifier;Approved in the EU.[21]
e432;Polyoxyethene (20) sorbitan monolaurate (polysorbate 20);emulsifier;Approved in the EU.[24]
e433;Polyoxyethene (20) sorbitan monooleate (polysorbate 80);emulsifier;Approved in the EU.[24]
e434;Polyoxyethene (20) sorbitan monopalmitate (polysorbate 40);emulsifier;Approved in the EU.[24]
e435;Polyoxyethene (20) sorbitan monostearate (polysorbate 60);emulsifier;Approved in the EU.[24]
e436;Polyoxyethene (20) sorbitan tristearate (polysorbate 65);emulsifier;Approved in the EU.[24]
e440i;Pectins (i) pectin;emulsifier;Approved in the EU.[24]
e440ii;Pectins (ii) amidated pectin;emulsifier;Approved in the EU.[24]
e441;Gelatine (emulsifier);gelling agent;
e442;Ammonium phosphatides;emulsifier;Approved in the EU.[24]
e443;Brominated vegetable oil;emulsifier;
e444;Sucrose acetate isobutyrate;emulsifier;
e445;Glycerol esters of wood rosins;emulsifier;Approved in the EU.[24]
e446;Succistearin;;
e450;Diphosphates (i) Disodium ;emulsifier;Approved in the EU.[21]
e450i;Diphosphates (i) Disodium    ;emulsifier;Approved in the EU.[21]
e450ii;diphosphate (ii) Trisodium;emulsifier;Approved in the EU.[21]
e451iii;diphosphate (iii) Tetrasodium;emulsifier;Approved in the EU.[21]
e452iv;diphosphate (iv) Dipotassium;emulsifier;Approved in the EU.[21]
e452v;diphosphate (v) Tetrapotassium;emulsifier;Approved in the EU.[21]
e452vi;diphosphate (vi) Dicalcium;emulsifier;Approved in the EU.[21]
e452vii;diphosphate (vii) Calcium dihydrogen diphosphate;emulsifier;Approved in the EU.[21]
e459;Beta-cyclodextrin;emulsifier;Approved in the EU.[21]
e460i;Cellulose (i) Microcrystalline cellulose;emulsifier;Approved in the EU.[24]
e460ii;Cellulose (ii) Powdered cellulose;emulsifier;Approved in the EU.[24]
e461;Methyl cellulose;emulsifier;Approved in the EU.[24]
e462;Ethyl cellulose;emulsifier;Approved in the EU.[24]
e463;Hydroxypropyl cellulose;emulsifier;Approved in the EU.[24]
e464;Hypromellose (hydroxypropyl methylcellulose);emulsifier;Approved in the EU.[24]
e465;Ethyl methyl cellulose;emulsifier;Approved in the EU.[24]
e466;Carboxymethyl cellulose, Sodium carboxymethyl cellulose;emulsifier;Approved in the EU.[24]
e467;Ethyl hydroxyethyl cellulose;;
e468;Crosslinked sodium carboxymethyl cellulose (Croscarmellose);emulsifier;Approved in the EU.[24] This additive is under discussion and may be included in a future amendment to the Directive on miscellaneous additives
e469;Enzymically hydrolysed carboxymethylcellulose;emulsifier;Approved in the EU.[24]
e470a;Sodium, potassium and calcium salts of fatty acids (emulsifier);anti-caking agent;Approved in the EU.[24]
e470b;Magnesium salts of fatty acids (emulsifier);anti-caking agent;Approved in the EU.[24]
e471;Mono- and diglycerides of fatty acids (glyceryl monostearate, glyceryl distearate);emulsifier;Approved in the EU.[24]
e472a;Acetic acid esters of mono- and diglycerides of fatty acids;emulsifier;Approved in the EU.[24]
e472b;Lactic acid esters of mono- and diglycerides of fatty acids;emulsifier;Approved in the EU.[24]
e472c;Citric acid esters of mono- and diglycerides of fatty acids;emulsifier;Approved in the EU.[24]
e472d;Tartaric acid esters of mono- and diglycerides of fatty acids;emulsifier;Approved in the EU.[24]
e472e;Mono- and diacetyl tartaric acid esters of mono- and diglycerides of fatty acids;emulsifier;Approved in the EU.[24]
e472f;Mixed acetic and tartaric acid esters of mono- and diglycerides of fatty acids;emulsifier;Approved in the EU.[24]
e472g;Succinylated monoglycerides;emulsifier;
e473;Sucrose esters of fatty acids;emulsifier;Approved in the EU.[24]
e474;Sucroglycerides;emulsifier;Approved in the EU.[24]
e475;Polyglycerol esters of fatty acids;emulsifier;Approved in the EU.[24]
e476;Polyglycerol polyricinoleate;emulsifier;Approved in the EU.[24]
e477;Propane-1,2-diol esters of fatty acids, propylene glycol esters of fatty acids;emulsifier;Approved in the EU.[24]
e478;Lactylated fatty acid esters of glycerol and propane-1;emulsifier;
e479b;Thermally oxidized soya bean oil interacted with mono- and diglycerides of fatty acids;emulsifier;Approved in the EU.[24]
e480;Dioctyl sodium sulfosuccinate;emulsifier;
e481;Sodium stearoyl-2-lactylate;emulsifier;Approved in the EU.[24]
e482;Calcium stearoyl-2-lactylate;emulsifier;Approved in the EU.[24]
e483;Stearyl tartrate;emulsifier;Approved in the EU.[24]
e484;Stearyl citrate;emulsifier;
e485;Sodium stearoyl fumarate;emulsifier;
e486;Calcium stearoyl fumarate;emulsifier;
e487;Sodium laurylsulfate;emulsifier;
e488;Ethoxylated Mono- and Di-Glycerides;emulsifier;
e489;Methyl glucoside-coconut oil ester;emulsifier;
e490;Propane-1,2-diol;;
e491;Sorbitan monostearate;emulsifier;Approved in the EU.[24]
e492;Sorbitan tristearate;emulsifier;Approved in the EU.[24]
e493;Sorbitan monolaurate;emulsifier;Approved in the EU.[24]
e494;Sorbitan monooleate;emulsifier;Approved in the EU.[24]
e495;Sorbitan monopalmitate;emulsifier;Approved in the EU.[24]
e496;Sorbitan trioleate;emulsifier;
e497;Polyoxypropylene-polyoxyethylene polymers;;
e498;Partial polyglycerol esters of polycondensed fatty acids of castor oil;;
e499;Stigmasterol-rich plant sterols;;Approved in the EU.[24]
e500i;Sodium carbonates: (i) Sodium carbonate;raising agent;Approved in the EU.[21]
e500ii;Sodium carbonates: (ii) Sodium bicarbonate (Sodium hydrogen carbonate);raising agent;Approved in the EU.[21]
e500iii;Sodium carbonates: (iii) Sodium sesquicarbonate (acidity regulator);raising agent;Approved in the EU.[21]
e501i;Potassium carbonates: (i) Potassium carbonate;acidity regulator;Approved in the EU.[21]
e501ii;Potassium carbonates: (ii) Potassium bicarbonate (Potassium hydrogen carbonate);acidity regulator;Approved in the EU.[21]
e503i;Ammonium carbonates: (i) Ammonium carbonate;acidity regulator;Approved in the EU.[21]
e503ii;Ammonium carbonates: (ii) Ammonium bicarbonate (Ammonium hydrogen carbonate);acidity regulator;Approved in the EU.[21]
e504i;Magnesium carbonates: (i) Magnesium carbonate;acidity regulator, anti-caking agent;Approved in the EU.[21]
e504ii;Magnesium carbonates: (ii) Magnesium bicarbonate Magnesium hydrogen carbonate;acidity regulator, anti-caking agent;Approved in the EU.[21]
e505;Ferrous carbonate;acidity regulator;
e507;Hydrochloric acid;acid;Approved in the EU.[21]
e508;Potassium chloride (gelling agent);seasoning;Approved in the EU.[21]
e509;Calcium chloride (sequestrant);firming agent;Approved in the EU.[21]
e510;Ammonium chloride, ammonia solution (acidity regulator);improving agent;
e511;Magnesium chloride;firming agent;Approved in the EU.[21]
e512;Stannous chloride;antioxidant;Approved in the EU.[21]
e513;Sulfuric acid;acid;Approved in the EU.[21]
e514;Sodium sulfates (i) Sodium sulfate (ii) sodium bisulfate;acid;Approved in the EU.[21]
e515;Potassium sulfates (i) potassium sulfate (ii) potassium bisulfate;;Approved in the EU.[21]
e516;Calcium sulfate;;Approved in the EU.[21]
e517;Ammonium sulfate;acidity regulator;Approved in the EU.[21]
e518;Magnesium sulfate (Epsom salts), (acidity regulator);firming agent;
e519;Copper(II) sulfate;preservative;
e520;Aluminium sulfate;firming agent;Approved in the EU.[21]
e521;Aluminium sodium sulfate;firming agent;Approved in the EU.[21]
e522;Aluminium potassium sulfate;acidity regulator;Approved in the EU.[21]
e523;Aluminium ammonium sulfate;acidity regulator;Approved in the EU.[21]
e524;Sodium hydroxide;acidity regulator;Approved in the EU.[21]
e525;Potassium hydroxide;acidity regulator;Approved in the EU.[21]
e526;Calcium hydroxide (acidity regulator);firming agent;Approved in the EU.[21]
e527;Ammonium hydroxide;acidity regulator;Approved in the EU.[21]
e528;Magnesium hydroxide;acidity regulator;Approved in the EU.[21]
e529;Calcium oxide (acidity regulator);improving agent;Approved in the EU.[21]
e530;Magnesium oxide (acidity regulator);anti-caking agent;Approved in the EU.[21]
e535;Sodium ferrocyanide (acidity regulator);anti-caking agent;Approved in the EU.[21]
e536;Potassium ferrocyanide;anti-caking agent;Approved in the EU.[21]
e537;Ferrous hexacyanomanganate;anti-caking agent;
e538;Calcium ferrocyanide;anti-caking agent;Approved in the EU.[21]
e539;Sodium thiosulfate;antioxidant;
e540;Dicalcium diphosphate[citation needed] (acidity regulator);emulsifier;
e541;Sodium aluminium phosphate (i) Acidic (ii) Basic;emulsifier;Approved in the EU.[21]
e542;Bone phosphate (Essentiale Calcium Phosphate, Tribasic);anti-caking agent;
e543;Calcium sodium polyphosphate;emulsifier;
e544;Calcium polyphosphate;emulsifier;
e545;Ammonium polyphosphate;emulsifier;
e550i;Sodium Silicates (i) Sodium silicate;anti-caking agent;
e550ii;Sodium Silicates (ii) Sodium metasilicate;anti-caking agent;
e551;Silicon dioxide (Silica);anti-caking agent;Approved in the EU.[21]
e552;Calcium silicate;anti-caking agent;Approved in the EU.[21]
e553ai;(i) Magnesium silicate;anti-caking agent;Approved in the EU.[21]
e553aii;(ii) Magnesium trisilicate;anti-caking agent;Approved in the EU.[21]
e553b;Talc;anti-caking agent;Approved in the EU.[21]
e554;Sodium aluminosilicate (sodium aluminium silicate);anti-caking agent;removed from list per Commission Regulation (EU) No 380/2012 of 3 May 2012
e555;Potassium aluminium silicate;anti-caking agent;removed from list per Commission Regulation (EU) No 380/2012 of 3 May 2012
e556;Calcium aluminosilicate (calcium aluminium silicate);anti-caking agent;removed from list per Commission Regulation (EU) No 380/2012 of 3 May 2012
e557;Zinc silicate;anti-caking agent;removed from list per Commission Regulation (EU) No 380/2012 of 3 May 2012
e558;Bentonite;anti-caking agent;removed from list per Commission Regulation (EU) No 380/2012 of 3 May 2012
e559;Aluminium silicate (Kaolin);anti-caking agent;removed from list per Commission Regulation (EU) No 380/2012 of 3 May 2012
e560;Potassium silicate;anti-caking agent;
e561;Vermiculite;;
e562;Sepiolite;;
e563;Sepiolitic clay;;
e565;Lignosulfonates;;
e566;Natrolite-phonolite;;
e570;Fatty acids;anti-caking agent;Approved in the EU.[21]
e572;Magnesium stearate, calcium stearate (emulsifier);anti-caking agent;
e574;Gluconic acid;acidity regulator;Approved in the EU.[21]
e575;Glucono delta-lactone (acidity regulator);sequestrant;Approved in the EU.[21]
e576;Sodium gluconate;sequestrant;Approved in the EU.[21]
e577;Potassium gluconate;sequestrant;Approved in the EU.[21]
e578;Calcium gluconate;firming agent;Approved in the EU.[21]
e579;Ferrous gluconate;food colouring;Approved in the EU.[21]
e580;Magnesium gluconate;;
e585;Ferrous lactate;food colouring;Approved in the EU.[21]
e586;4-Hexylresorcinol;antioxidant;Approved in the EU.[23]
e598;Synthetic calcium aluminates;;
e599;Perlite;;
e620;Glutamic acid;flavour enhancer;Approved in the EU.[21]
e621;Monosodium glutamate (MSG);flavour enhancer;Approved in the EU.[21]
e622;Monopotassium glutamate;flavour enhancer;Approved in the EU.[21]
e623;Calcium diglutamate;flavour enhancer;Approved in the EU.[21]
e624;Monoammonium glutamate;flavour enhancer;Approved in the EU.[21]
e625;Magnesium diglutamate;flavour enhancer;Approved in the EU.[21]
e626;Guanylic acid;flavour enhancer;Approved in the EU.[21]
e627;Disodium guanylate, sodium guanylate;flavour enhancer;Approved in the EU.[21]
e628;Dipotassium guanylate;flavour enhancer;Approved in the EU.[21]
e629;Calcium guanylate;flavour enhancer;Approved in the EU.[21]
e630;Inosinic acid;flavour enhancer;Approved in the EU.[21]
e631;Disodium inosinate;flavour enhancer;Approved in the EU.[21]
e632;Dipotassium inosinate;flavour enhancer;Approved in the EU.[21]
e633;Calcium inosinate;flavour enhancer;Approved in the EU.[21]
e634;Calcium 5'-ribonucleotides;flavour enhancer;Approved in the EU.[21]
e635;Disodium 5'-ribonucleotides;flavour enhancer;Approved in the EU.[21]
e636;Maltol;flavour enhancer;
e637;Ethyl maltol;flavour enhancer;
e640;Glycine and its sodium salt;flavour enhancer;Approved in the EU.[21]
e650;Zinc acetate;flavour enhancer;Approved in the EU.[21]
e701;Tetracyclines;antibiotic;
e702;Chlortetracycline;antibiotic;
e703;Oxytetracycline;antibiotic;
e704;Oleandomycin;antibiotic;
e705;Penicillin G potassium;antibiotic;
e706;Penicillin G sodium;antibiotic;
e707;Penicillin G procaine;antibiotic;
e708;Penicillin G benzathine;antibiotic;
e710;Spiramycins;antibiotic;
e711;Virginiamycins;antibiotic;
e712;Flavomycin;antibiotic;
e713;Tylosin;antibiotic;
e714;Monensin A;antibiotic;
e715;Avoparcin;antibiotic;
e716;Salinomycin;antibiotic;
e717;Avilamycin;antibiotic;
e900;Dimethyl polysiloxane (anti-foaming agent);anti-caking agent;Approved in the EU.[21]
e901;Beeswax, white and yellow;glazing agent;Approved in the EU.[21]
e902;Candelilla wax;glazing agent;Approved in the EU.[21]
e903;Carnauba wax;glazing agent;Approved in the EU.[21]
e904;Shellac;glazing agent;Approved in the EU.[21]
e905;Paraffins;;Approved in the EU.[21]
e905a;Mineral oil;anti-foaming agent;
e905b;Petrolatum;;
e905c;Petroleum wax (i)Microcrystalline wax (ii) Paraffin wax;glazing agent;
e906;Gum benzoic;flavour enhancer;
e907;Crystalline wax;glazing agent;
e908;Rice bran wax;glazing agent;
e909;Spermaceti wax;glazing agent;
e910;Wax esters;glazing agent;
e911;Methyl esters of fatty acids;glazing agent;
e912;Montanic acid esters, Montan acid esters;glazing agent;Approved in the EU.[21]
e913;Lanolin, sheep wool grease;glazing agent;
e914;Oxidized polyethylene wax, oxidized polyethylene;glazing agent;Approved in the EU.[21]
e915;Esters of colophony;glazing agent;
e916;Calcium iodate;;
e917;Potassium iodate;;
e918;Nitrogen oxides;;
e919;Nitrosyl chloride;;
e920;L-cysteine;improving agent;Approved in the EU[28]
e921;L-cystine;improving agent;
e922;Potassium persulfate;improving agent;
e923;Ammonium persulfate;improving agent;
e924;Potassium bromate;improving agent;"Banned in the EU;[29] genotoxic carcinogen[30]"
e924b;Calcium bromate;improving agent;
e925;Chlorine;preservative, bleach, improving agent;
e926;Chlorine dioxide (preservative);bleach;
e927a;Azodicarbonamide;improving agent;
e927b;Carbamide (urea);improving agent;Approved in the EU.[21]
e928;Benzoyl peroxide (improving agent);bleach;
e929;Acetone peroxide;;
e930;Calcium peroxide (improving agent);bleach;
e938;Argon;packaging gas;Approved in the EU.[21]
e939;Helium;packaging gas;Approved in the EU.[21]
e940;Dichlorodifluoromethane;packaging gas;Banned in all countries, in compliance with the Montreal Protocol.
e941;Nitrogen (packaging gas);propellant;Approved in the EU.[21]
e942;Nitrous oxide;propellant;Approved in the EU.[21]
e943a;Butane;propellant;Approved in the EU.[21]
e943b;Isobutane;propellant;Approved in the EU.[21]
e944;Propane;propellant;Approved in the EU.[21]
e945;Chloropentafluoroethane;propellant;
e946;Octafluorocyclobutane;propellant;
e948;Oxygen;packaging gas;Approved in the EU.[21]
e949;Hydrogen;packaging gas;Approved in the EU.[21]
e950;Acesulfame potassium;sweetener;Approved in the EU.[26]
e951;Aspartame;sweetener;Approved in the EU.[26]
e952;Cyclamic acid and its sodium and calcium salts, also known as Cyclamate;sweetener;Approved in the EU.[26]
e953;Isomalt, Isomaltitol;sweetener;Approved in the EU.[26]
e954;Saccharin and its sodium, potassium and calcium salts;sweetener;Approved in the EU.[26]
e955;Sucralose (Trichlorogalactosucrose);sweetener;Approved in the EU.[26]
e956;Alitame;sweetener;
e957;Thaumatin (sweetener);flavour enhancer;Approved in the EU.[26]
e958;Glycyrrhizin (sweetener);flavour enhancer;
e959;Neohesperidine dihydrochalcone (sweetener);flavour enhancer;Approved in the EU.[26]
e960;Steviol glycosides;sweetener;Approved in the EU.[31]
e961;Neotame;sweetener;Approved in 2010[25]
e962;Aspartame-acesulfame salt (sweetener);stabiliser;Approved in the EU.[26]
e965;Maltitol (i) Maltitol (ii) Maltitol syrup (sweetener) (stabiliser);humectant;Approved in the EU.[26]
e966;Lactitol;sweetener;Approved in the EU.[26]
e967;Xylitol;sweetener;Approved in the EU.[26]
e968;Erythritol;sweetener;Approved in the EU.[26]
e969;Advantame;sweetener;Approved in the EU.[26]
e999;Quillaia extract;foaming agent;Approved in the EU.[21]
e1000;Cholic acid;emulsifier;
e1001;Choline salts;emulsifier;
e1100;Amylase;stabiliser, flavour enhancer;
e1101i;Proteases (i)Protease,;stabiliser, flavour enhancer;
e1101ii;Proteases (ii)Papain;stabiliser, flavour enhancer;
e1101iii;Proteases (iii)Bromelain;stabiliser, flavour enhancer;
e1101iv;Proteases (iv)Ficin;stabiliser, flavour enhancer;
e1102;Glucose oxidase;antioxidant;
e1103;Invertase;stabiliser;Approved in the EU.[24]
e1104;Lipases;;
e1105;Lysozyme;preservative;
e1200;Polydextrose;stabiliser, thickening agent, humectant, carrier;Approved in the EU.[21]
e1201;Polyvinylpyrrolidone;stabiliser;Approved in the EU.[21]
e1202;Polyvinylpolypyrrolidone (carrier);stabiliser;Approved in the EU.[21]
e1203;Polyvinyl alcohol;;Approved in 2010[25]
e1204;Pullulan;;Approved in the EU.[21]
e1400;Dextrin (Dextrins, roasted starch white and yellow) (stabiliser);thickening agent;
e1401;Modified starch ((Acid-treated starch) stabiliser);thickening agent;
e1402;Alkaline modified starch (stabiliser);thickening agent;
e1403;Bleached starch (stabiliser);thickening agent;
e1404;Oxidized starch (emulsifier);thickening agent;Approved in the EU.[21]
e1405;Enzyme treated starch;;
e1410;Monostarch phosphate (stabiliser);thickening agent;Approved in the EU.[21]
e1411;Distarch glycerol (thickening agent);emulsifier;
e1412;"Distarch phosphate esterified with sodium trimetasphosphate; esterified with phosphorus oxychloride (stabiliser)";thickening agent;Approved in the EU.[21]
e1413;Phosphated distarch phosphate (stabiliser);thickening agent;Approved in the EU.[21]
e1414;Acetylated distarch phosphate (emulsifier);thickening agent;Approved in the EU.[21]
e1420;Starch acetate esterified with acetic anhydride (stabiliser);thickening agent;Approved in the EU.[21]
e1421;Starch acetate esterified with vinyl acetate (stabiliser);thickening agent;
e1422;Acetylated distarch adipate (stabiliser);thickening agent;Approved in the EU.[21]
e1423;Acetylated distarch glycerol;thickening agent;
e1430;Distarch glycerine (stabiliser);thickening agent;
e1440;Hydroxy propyl starch (emulsifier);thickening agent;Approved in the EU.[21]
e1441;Hydroxy propyl distarch glycerine (stabiliser);thickening agent;
e1442;Hydroxy propyl distarch phosphate (stabiliser);thickening agent;Approved in the EU.[21]
e1443;Hydroxy propyl distarch glycerol;;
e1450;Starch sodium octenyl succinate (emulsifier) (stabiliser);thickening agent;Approved in the EU.[21]
e1451;Acetylated oxidised starch (emulsifier);thickening agent;Approved in the EU.[21]
e1452;Starch aluminium octenyl succinate;;Approved in the EU.[21]
e1501;Benzylated hydrocarbons;;
e1502;Butane-1, 3-diol;;
e1503;Castor oil;resolving agent;
e1504;Ethyl acetate;flavour solvent;
e1505;Triethyl citrate;foam stabiliser;Approved in the EU.[21]
e1510;Ethanol;;
e1516;Glyceryl monoacetate;flavour solvent;
e1517;Glyceryl diacetate or diacetin;flavour solvent;
e1518;Glyceryl triacetate or triacetin;humectant and flavour solvent;Approved in the EU.[21]
e1519;Benzyl alcohol;;
e1520;Propylene glycol;humectant and flavour solvent;Approved in the EU.[21]
e1521;Polyethylene glycol 8000[32];;Approved in 2010[25]
e1525;Hydroxyethyl cellulose;thickening agent;
